{
  "trajectory": [
    {
      "iteration": 1,
      "risk": 0.049188908054239956,
      "return": 0.020390133850583417,
      "weights": {
        "خاور": 0.0,
        "شستا": 2.524355003499837e-17,
        "خپارس": 0.0,
        "بوعلي": 0.0,
        "ذوب": 2.4604127103946606e-16,
        "شتران": 0.021311361342668294,
        "ثبهساز": 0.0,
        "چكاپا": 0.0,
        "فسبزوار": 2.734127192714405e-16,
        "كالا": 2.3289166904261215e-16,
        "پترول": 0.0,
        "بركت": 0.0,
        "بجهرم": 3.1270028420562573e-16,
        "زكوثر": 3.4371009436379334e-16,
        "تاصيكو": 2.3342700387598777e-16,
        "سآبيك": 5.2696005214701416e-17,
        "شغدير": 0.0,
        "تاپيكو": 2.940446679703534e-16,
        "جم پيلن": 3.435714206968209e-16,
        "وكغدير": 0.0,
        "بورس": 0.0,
        "ميدكو": 1.7686006759395577e-16,
        "اردستان": 0.0,
        "ثاميد": 0.0,
        "هاي وب": 6.76175868208513e-17,
        "غزر": 3.829230460646544e-17,
        "فالوم": 5.158775257644393e-17,
        "اسياتك": 1.1149520434155628e-16,
        "شپترو": 1.327138063109536e-16,
        "سپيد": 3.986146249082272e-16,
        "سيتا": 0.0,
        "نوري": 1.001771230383115e-17,
        "اپال": 0.0,
        "كوير": 6.980230045671927e-17,
        "خراسان": 0.0,
        "جم": 0.0,
        "شپديس": 0.034164071083068695,
        "كاوه": 3.7878357302396684e-17,
        "شپلي": 1.1906529943966703e-16,
        "انرژي2": 7.937976735379126e-17,
        "شرنگي": 3.6978559339484653e-16,
        "شوينده": 1.486365947071448e-16,
        "وپاسار": 0.9445245675742624,
        "آبادا": 9.378215491167483e-17,
        "فسازان": 0.0,
        "زپارس": 1.051542806478811e-17,
        "وليز": 0.0,
        "غكورش": 0.0,
        "تنوين": 1.7357943480660794e-16,
        "غمارگ": 3.088878659327989e-16
      }
    },
    {
      "iteration": 2,
      "risk": 0.04030991943906024,
      "return": 0.018171952975184997,
      "weights": {
        "خاور": 1.0146542026585218e-16,
        "شستا": 0.0,
        "خپارس": 0.0,
        "بوعلي": 0.0,
        "ذوب": 2.099970133649363e-16,
        "شتران": 0.11567531164476497,
        "ثبهساز": 1.3341801990754638e-17,
        "چكاپا": 0.0,
        "فسبزوار": 0.0,
        "كالا": 0.0,
        "پترول": 2.6557334377426963e-16,
        "بركت": 0.0,
        "بجهرم": 0.0,
        "زكوثر": 2.069368327921447e-16,
        "تاصيكو": 0.0,
        "سآبيك": 1.9100373946998603e-17,
        "شغدير": 0.0,
        "تاپيكو": 5.892051474677228e-17,
        "جم پيلن": 0.0,
        "وكغدير": 0.0,
        "بورس": 2.1171975740580765e-16,
        "ميدكو": 0.0,
        "اردستان": 0.0,
        "ثاميد": 1.0859733164337285e-16,
        "هاي وب": 3.370422656879146e-16,
        "غزر": 1.572669578815629e-16,
        "فالوم": 0.0,
        "اسياتك": 1.942426617352843e-16,
        "شپترو": 0.0,
        "سپيد": 0.0,
        "سيتا": 0.0,
        "نوري": 0.0,
        "اپال": 2.5299963914846324e-16,
        "كوير": 0.0,
        "خراسان": 0.0,
        "جم": 6.258409207082484e-17,
        "شپديس": 0.20238237411015475,
        "كاوه": 1.3045663705530455e-17,
        "شپلي": 0.0,
        "انرژي2": 0.0,
        "شرنگي": 1.9842206110822801e-16,
        "شوينده": 0.0,
        "وپاسار": 0.6810726787525152,
        "آبادا": 3.689870425460468e-16,
        "فسازان": 0.0,
        "زپارس": 3.5108475625169e-17,
        "وليز": 2.7325857288212224e-16,
        "غكورش": 0.0008696354925649372,
        "تنوين": 4.955108700084921e-17,
        "غمارگ": 2.1250535230648204e-16
      }
    },
    {
      "iteration": 3,
      "risk": 0.03948463953970799,
      "return": 0.0179225406088501,
      "weights": {
        "خاور": 3.5075504479208694e-16,
        "شستا": 1.0442139981371459e-16,
        "خپارس": 0.0,
        "بوعلي": 0.0,
        "ذوب": 0.0,
        "شتران": 0.10611318003944505,
        "ثبهساز": 0.0,
        "چكاپا": 1.9301266588419306e-16,
        "فسبزوار": 0.0,
        "كالا": 0.0,
        "پترول": 8.923874213878545e-17,
        "بركت": 4.469009243289683e-16,
        "بجهرم": 0.0,
        "زكوثر": 1.1363712074655906e-16,
        "تاصيكو": 9.191687861239627e-17,
        "سآبيك": 0.0,
        "شغدير": 0.0,
        "تاپيكو": 4.7409959325043175e-17,
        "جم پيلن": 0.0,
        "وكغدير": 0.0,
        "بورس": 0.0,
        "ميدكو": 1.14316775816941e-16,
        "اردستان": 7.272526356761076e-17,
        "ثاميد": 2.109387919404159e-16,
        "هاي وب": 0.0,
        "غزر": 0.0,
        "فالوم": 4.131090597629483e-17,
        "اسياتك": 6.557073573715762e-17,
        "شپترو": 0.0,
        "سپيد": 1.4015837674457601e-16,
        "سيتا": 1.5932629360368905e-16,
        "نوري": 3.699705244800896e-17,
        "اپال": 1.432734260841991e-16,
        "كوير": 0.0,
        "خراسان": 2.0704125985647622e-17,
        "جم": 1.953519583637323e-18,
        "شپديس": 0.2265695536839091,
        "كاوه": 0.0,
        "شپلي": 1.6107052872463058e-16,
        "انرژي2": 7.03417084937286e-18,
        "شرنگي": 2.0888418673757068e-16,
        "شوينده": 0.0,
        "وپاسار": 0.6535136691107445,
        "آبادا": 1.4646549566171592e-16,
        "فسازان": 1.0904260699584293e-16,
        "زپارس": 0.0,
        "وليز": 2.60697083331066e-16,
        "غكورش": 0.013803597165901037,
        "تنوين": 1.688252182858474e-16,
        "غمارگ": 0.0
      }
    },
    {
      "iteration": 4,
      "risk": 0.03878543411080826,
      "return": 0.017718672418890555,
      "weights": {
        "خاور": 0.0,
        "شستا": 4.15018954844629e-17,
        "خپارس": 0.0,
        "بوعلي": 0.0,
        "ذوب": 0.0,
        "شتران": 0.05835462193062792,
        "ثبهساز": 2.1280936073164728e-16,
        "چكاپا": 0.0,
        "فسبزوار": 2.436405162168374e-16,
        "كالا": 4.565330469002824e-16,
        "پترول": 0.0,
        "بركت": 0.0,
        "بجهرم": 0.0,
        "زكوثر": 0.0,
        "تاصيكو": 0.0,
        "سآبيك": 0.0,
        "شغدير": 0.0,
        "تاپيكو": 0.0,
        "جم پيلن": 7.654312087062374e-17,
        "وكغدير": 0.0,
        "بورس": 4.27144642422262e-16,
        "ميدكو": 0.0,
        "اردستان": 0.0,
        "ثاميد": 0.0,
        "هاي وب": 3.4547841226251834e-16,
        "غزر": 2.300727648024377e-17,
        "فالوم": 0.0,
        "اسياتك": 0.0,
        "شپترو": 1.3780743672610138e-16,
        "سپيد": 1.4783983154703367e-16,
        "سيتا": 0.0,
        "نوري": 3.6302946729008525e-18,
        "اپال": 1.1522540533963616e-16,
        "كوير": 1.154503022916378e-16,
        "خراسان": 0.0,
        "جم": 4.1232188397767287e-16,
        "شپديس": 0.2549295430609122,
        "كاوه": 1.9018971433107308e-17,
        "شپلي": 0.0,
        "انرژي2": 6.397280955831772e-17,
        "شرنگي": 0.0,
        "شوينده": 0.0,
        "وپاسار": 0.6357179353338789,
        "آبادا": 4.5609311848808355e-17,
        "فسازان": 2.4968268826273995e-16,
        "زپارس": 6.031021412901872e-17,
        "وليز": 1.315694251702597e-16,
        "غكورش": 0.05099789967458141,
        "تنوين": 0.0,
        "غمارگ": 0.0
      }
    },
    {
      "iteration": 5,
      "risk": 0.03874713133190396,
      "return": 0.01770775442250408,
      "weights": {
        "خاور": 1.0418041388935442e-15,
        "شستا": 2.7280713322598848e-17,
        "خپارس": 2.3890847675070944e-16,
        "بوعلي": 0.0,
        "ذوب": 2.7156106325921707e-16,
        "شتران": 0.05896800239241408,
        "ثبهساز": 0.0,
        "چكاپا": 0.0,
        "فسبزوار": 4.313436216251271e-17,
        "كالا": 0.0,
        "پترول": 0.0,
        "بركت": 0.0,
        "بجهرم": 5.764508594684496e-17,
        "زكوثر": 0.0,
        "تاصيكو": 4.120294897629496e-17,
        "سآبيك": 2.2882005344127167e-16,
        "شغدير": 0.0,
        "تاپيكو": 3.3146227991155035e-16,
        "جم پيلن": 2.8899931614914136e-16,
        "وكغدير": 1.1976497204431072e-16,
        "بورس": 0.0,
        "ميدكو": 2.813860239671402e-16,
        "اردستان": 0.0,
        "ثاميد": 3.249310024138001e-16,
        "هاي وب": 1.8008578067981114e-17,
        "غزر": 2.0127315033512253e-17,
        "فالوم": 9.448331450707767e-17,
        "اسياتك": 2.323978775584311e-16,