{
  "metrics": {
    "sharpe_ratio": 0.3268223807440326,
    "expected_return": 0.017626916107466507,
    "volatility": 0.03849629102648724,
    "annualized_return": 1.5007723835759663,
    "annualized_volatility": 0.27760070242236795
  },
  "weights": {
    "خاور": 4.615523484164856e-16,
    "شستا": 0.0,
    "خپارس": 2.0865777377699021e-16,
    "بوعلي": 0.0,
    "ذوب": 3.728499646168103e-17,
    "شتران": 0.059988744619601346,
    "ثبهساز": 3.137715621167737e-16,
    "چكاپا": 1.840441802011771e-16,
    "فسبزوار": 0.0,
    "كالا": 0.0,
    "پترول": 0.0,
    "بركت": 2.526793388024609e-16,
    "بجهرم": 3.253142923532587e-16,
    "زكوثر": 0.0,
    "تاصيكو": 0.0,
    "سآبيك": 1.459723949015171e-16,
    "شغدير": 6.30576759201628e-17,
    "تاپيكو": 3.4293142063764995e-16,
    "جم پيلن": 0.0,
    "وكغدير": 3.312722640901384e-16,
    "بورس": 0.0,
    "ميدكو": 0.0,
    "اردستان": 0.0,
    "ثاميد": 1.655582720574983e-16,
    "هاي وب": 4.0935932251205176e-16,
    "غزر": 0.0,
    "فالوم": 3.31625224619878e-16,
    "اسياتك": 0.0,
    "شپترو": 0.0,
    "سپيد": 1.4862767296384904e-16,
    "سيتا": 0.0,
    "نوري": 0.0,
    "اپال": 0.0,
    "كوير": 0.0,
    "خراسان": 0.0,
    "جم": 0.0,
    "شپديس": 0.2422667682122836,
    "كاوه": 0.0,
    "شپلي": 1.1719456909143715e-16,
    "انرژي2": 1.0911552524276418e-16,
    "شرنگي": 1.1562693159244026e-16,
    "شوينده": 0.0,
    "وپاسار": 0.6320963714725085,
    "آبادا": 0.0,
    "فسازان": 1.7447218950509835e-16,
    "زپارس": 0.0,
    "وليز": 8.137478817351161e-17,
    "غكورش": 0.0656481156956022,
    "تنوين": 6.074758037677883e-17,
    "غمارگ": 0.0
  }
}