{
  "strategy": "smart_start",
  "initializations": [
    {
      "name": "Equal Weight",
      "sharpe": 0.3640771452608238,
      "success": true,
      "time_seconds": 0.0012578964233398438,
      "weights": {
        "شپديس": 10.0,
        "غكورش": 10.0,
        "وخارزم": 10.0,
        "وپاسار": 10.0,
        "شتران": 10.0,
        "سپيد": 10.0,
        "خراسان": 10.0,
        "زكوثر": 10.0,
        "فسازان": 10.0,
        "افق": 10.0
      }
    },
    {
      "name": "Max Return Asset",
      "sharpe": 0.36407711859967035,
      "success": true,
      "time_seconds": 0.0008940696716308594,
      "weights": {
        "شپديس": 30.0,
        "غكورش": 7.778,
        "وخارزم": 7.778,
        "وپاسار": 7.778,
        "شتران": 7.778,
        "سپيد": 7.778,
        "خراسان": 7.778,
        "زكوثر": 7.778,
        "فسازان": 7.778,
        "افق": 7.778
      }
    },
    {
      "name": "Minimum Variance",
      "sharpe": 0.3640772142133475,
      "success": true,
      "time_seconds": 0.0011761188507080078,
      "weights": {
        "شپديس": 0.209,
        "غكورش": 14.194,
        "وخارزم": 0.0,
        "وپاسار": 20.335,
        "شتران": 0.0,
        "سپيد": 9.684,
        "خراسان": 17.469,
        "زكوثر": 0.0,
        "فسازان": 14.267,
        "افق": 23.843
      }
    },
    {
      "name": "Sharpe‑Proportional",
      "sharpe": 0.36407717159482494,
      "success": true,
      "time_seconds": 0.0008509159088134766,
      "weights": {
        "شپديس": 18.0,
        "غكورش": 15.775,
        "وخارزم": 12.425,
        "وپاسار": 13.698,
        "شتران": 10.515,
        "سپيد": 8.593,
        "خراسان": 5.884,
        "زكوثر": 4.338,
        "فسازان": 3.827,
        "افق": 6.945
      }
    }
  ]
}