{
  "metrics": {
    "sharpe_ratio": 0.3640772142133475,
    "expected_return": 0.018005802149270327,
    "volatility": 0.0355977661301836,
    "annualized_return": 1.5505313544615091,
    "annualized_volatility": 0.25669914214870454
  },
  "weights": {
    "شپديس": 30.0,
    "غكورش": 30.0,
    "وخارزم": 0.0,
    "وپاسار": 30.0,
    "شتران": 7.271,
    "سپيد": 2.729,
    "خراسان": 0.0,
    "زكوثر": 0.0,
    "فسازان": 0.0,
    "افق": 0.0
  }
}